,zone,id,distance,density
0,N,UV-1,0.0,0.0
1,N,UV-1,5.0,0.792061
2,N,UV-1,10.0,1.58412
3,N,UV-1,15.0,0.792061
4,N,UV-1,20.0,0.396031
5,N,UV-1,25.0,1.58412
6,N,UV-1,30.0,2.77222
7,N,UV-1,35.0,2.77222
8,N,UV-1,40.0,4.75237
9,N,UV-1,45.0,3.96031
10,N,UV-1,50.0,3.16825
11,N,UV-1,55.0,1.18809
12,N,UV-1,60.0,3.56428
13,N,UV-1,65.0,2.37618
14,N,UV-1,70.0,1.18809
15,N,UV-1,75.0,1.98015
16,N,UV-1,80.0,1.58412
17,N,UV-1,85.0,1.58412
18,N,UV-1,90.0,0.792061
19,N,UV-1,95.0,0.792061
20,N,UV-1,100.0,1.18809
21,N,UV-1,105.0,1.98015
22,N,UV-1,110.0,2.37618
23,N,UV-1,115.0,0.0
24,N,UV-1,120.0,1.18809
25,N,UV-1,125.0,0.396031
26,N,UV-1,130.0,0.792061
27,N,UV-1,135.0,0.792061
28,N,UV-1,140.0,0.396031
29,N,UV-1,145.0,0.396031
30,N,UV-1,150.0,1.98015
31,N,UV-1,155.0,0.792061
32,N,UV-1,160.0,0.396031
33,N,UV-1,165.0,1.18809
34,N,UV-1,170.0,3.56428
35,N,UV-1,175.0,0.396031
36,N,UV-1,180.0,0.396031
37,N,UV-1,185.0,0.792061
38,N,UV-1,190.0,1.98015
39,N,UV-1,195.0,2.77222
40,N,UV-1,200.0,1.18809
41,N,UV-1,205.0,0.396031
42,N,UV-1,210.0,1.58412
43,N,UV-1,215.0,0.792061
44,N,UV-1,220.0,0.396031
45,N,UV-1,225.0,1.18809
46,N,UV-1,230.0,0.792061
47,N,UV-1,235.0,1.58412
48,N,UV-1,240.0,1.18809
49,N,UV-1,245.0,1.58412
50,N,UV-1,250.0,0.792061
51,N,UV-1,255.0,1.98015
52,N,UV-1,260.0,0.0
53,N,UV-1,265.0,1.58412
54,N,UV-1,270.0,0.0
55,N,UV-1,275.0,1.58412
56,N,UV-1,280.0,1.98015
57,N,UV-1,285.0,0.396031
58,N,UV-1,290.0,1.18809
59,N,UV-1,295.0,1.98015
60,N,UV-1,300.0,1.98015
61,N,UV-1,305.0,0.792061
62,N,UV-1,310.0,0.792061
63,N,UV-1,315.0,1.18809
64,N,UV-1,320.0,1.98015
65,N,UV-1,325.0,1.98015
66,N,UV-1,330.0,0.792061
67,N,UV-1,335.0,1.18809
68,N,UV-1,340.0,0.396031
69,N,UV-1,345.0,1.18809
70,N,UV-1,350.0,1.58412
71,N,UV-1,355.0,0.792061
72,N,UV-1,360.0,1.18809
73,N,UV-1,365.0,0.792061
74,N,UV-1,370.0,0.792061
75,N,UV-1,375.0,0.396031
76,N,UV-1,380.0,1.58412
77,N,UV-1,385.0,0.792061
78,N,UV-1,390.0,1.18809
79,N,UV-1,395.0,0.0
80,N,UV-1,400.0,0.792061
81,N,UV-1,405.0,0.396031
82,N,UV-1,410.0,1.18809
83,N,UV-1,415.0,0.396031
84,N,UV-1,420.0,0.792061
85,N,UV-1,425.0,0.792061
86,N,UV-1,430.0,1.18809
87,N,UV-1,435.0,0.396031
88,N,UV-1,440.0,1.18809
89,N,UV-1,445.0,0.792061
90,N,UV-1,450.0,0.0
91,N,UV-1,455.0,1.18809
92,N,UV-1,460.0,0.396031
93,N,UV-1,465.0,0.396031
94,N,UV-1,470.0,1.18809
95,N,UV-1,475.0,1.18809
96,N,UV-1,480.0,2.37618
97,N,UV-1,485.0,0.792061
98,N,UV-1,490.0,1.18809
99,N,UV-1,495.0,0.0
100,N,UV-2,0.0,0.0
101,N,UV-2,5.0,0.0
102,N,UV-2,10.0,0.0
103,N,UV-2,15.0,0.0
104,N,UV-2,20.0,0.34074
105,N,UV-2,25.0,1.36296
106,N,UV-2,30.0,1.36296
107,N,UV-2,35.0,3.74814
108,N,UV-2,40.0,5.45184
109,N,UV-2,45.0,7.49628
110,N,UV-2,50.0,3.74814
111,N,UV-2,55.0,5.1111
112,N,UV-2,60.0,4.08888
113,N,UV-2,65.0,1.36296
114,N,UV-2,70.0,2.72592
115,N,UV-2,75.0,4.42962
116,N,UV-2,80.0,2.72592
117,N,UV-2,85.0,1.02222
118,N,UV-2,90.0,1.7037
119,N,UV-2,95.0,3.4074
120,N,UV-2,100.0,1.02222
121,N,UV-2,105.0,3.06666
122,N,UV-2,110.0,1.7037
123,N,UV-2,115.0,3.06666
124,N,UV-2,120.0,2.72592
125,N,UV-2,125.0,3.06666
126,N,UV-2,130.0,3.4074
127,N,UV-2,135.0,1.7037
128,N,UV-2,140.0,1.7037
129,N,UV-2,145.0,2.38518
130,N,UV-2,150.0,2.04444
131,N,UV-2,155.0,1.36296
132,N,UV-2,160.0,2.04444
133,N,UV-2,165.0,2.38518
134,N,UV-2,170.0,1.7037
135,N,UV-2,175.0,2.38518
136,N,UV-2,180.0,1.02222
137,N,UV-2,185.0,1.7037
138,N,UV-2,190.0,0.68148
139,N,UV-2,195.0,2.38518
140,N,UV-2,200.0,2.38518
141,N,UV-2,205.0,1.36296
142,N,UV-2,210.0,2.04444
143,N,UV-2,215.0,1.36296
144,N,UV-2,220.0,1.7037
145,N,UV-2,225.0,0.68148
146,N,UV-2,230.0,2.72592
147,N,UV-2,235.0,2.04444
148,N,UV-2,240.0,1.7037
149,N,UV-2,245.0,1.36296
150,N,UV-2,250.0,2.38518
151,N,UV-2,255.0,3.06666
152,N,UV-2,260.0,1.02222
153,N,UV-2,265.0,0.68148
154,N,UV-2,270.0,1.7037
155,N,UV-2,275.0,1.7037
156,N,UV-2,280.0,1.36296
157,N,UV-2,285.0,0.34074
158,N,UV-2,290.0,0.68148
159,N,UV-2,295.0,1.36296
160,N,UV-2,300.0,0.68148
161,N,UV-2,305.0,0.68148
162,N,UV-2,310.0,0.34074
163,N,UV-2,315.0,0.0
164,N,UV-2,320.0,0.34074
165,N,UV-2,325.0,1.02222
166,N,UV-2,330.0,0.34074
167,N,UV-2,335.0,0.34074
168,N,UV-2,340.0,1.36296
169,N,UV-2,345.0,0.68148
170,N,UV-2,350.0,0.68148
171,N,UV-2,355.0,1.36296
172,N,UV-2,360.0,0.68148
173,N,UV-2,365.0,1.02222
174,N,UV-2,370.0,1.02222
175,N,UV-2,375.0,0.34074
176,N,UV-2,380.0,0.34074
177,N,UV-2,385.0,0.68148
178,N,UV-2,390.0,1.02222
179,N,UV-2,395.0,1.36296
180,N,UV-2,400.0,0.34074
181,N,UV-2,405.0,1.36296
182,N,UV-2,410.0,1.36296
183,N,UV-2,415.0,0.34074
184,N,UV-2,420.0,0.68148
185,N,UV-2,425.0,0.68148
186,N,UV-2,430.0,0.34074
187,N,UV-2,435.0,0.34074
188,N,UV-2,440.0,2.38518
189,N,UV-2,445.0,0.0
190,N,UV-2,450.0,0.0
191,N,UV-2,455.0,0.34074
192,N,UV-2,460.0,0.34074
193,N,UV-2,465.0,1.36296
194,N,UV-2,470.0,0.68148
195,N,UV-2,475.0,1.36296
196,N,UV-2,480.0,0.0
197,N,UV-2,485.0,0.34074
198,N,UV-2,490.0,0.68148
199,N,UV-2,495.0,0.34074
200,N,UV-3,0.0,0.0
201,N,UV-3,5.0,0.0
202,N,UV-3,10.0,0.0
203,N,UV-3,15.0,0.0
204,N,UV-3,20.0,0.0
205,N,UV-3,25.0,0.399694
206,N,UV-3,30.0,3.19755
207,N,UV-3,35.0,4.79633
208,N,UV-3,40.0,5.59571
209,N,UV-3,45.0,9.19296
210,N,UV-3,50.0,2.39816
211,N,UV-3,55.0,2.79786
212,N,UV-3,60.0,1.59878
213,N,UV-3,65.0,2.79786
214,N,UV-3,70.0,0.799388
215,N,UV-3,75.0,2.79786
216,N,UV-3,80.0,1.59878
217,N,UV-3,85.0,0.799388
218,N,UV-3,90.0,1.99847
219,N,UV-3,95.0,3.19755
220,N,UV-3,100.0,1.99847
221,N,UV-3,105.0,0.399694
222,N,UV-3,110.0,1.19908
223,N,UV-3,115.0,1.99847
224,N,UV-3,120.0,2.79786
225,N,UV-3,125.0,1.59878
226,N,UV-3,130.0,0.0
227,N,UV-3,135.0,0.799388
228,N,UV-3,140.0,1.59878
229,N,UV-3,145.0,1.99847
230,N,UV-3,150.0,1.59878
231,N,UV-3,155.0,1.59878
232,N,UV-3,160.0,2.39816
233,N,UV-3,165.0,1.59878
234,N,UV-3,170.0,0.799388
235,N,UV-3,175.0,2.39816
236,N,UV-3,180.0,1.59878
237,N,UV-3,185.0,0.399694
238,N,UV-3,190.0,0.799388
239,N,UV-3,195.0,2.39816
240,N,UV-3,200.0,1.59878
241,N,UV-3,205.0,0.799388
242,N,UV-3,210.0,0.799388
243,N,UV-3,215.0,0.799388
244,N,UV-3,220.0,1.59878
245,N,UV-3,225.0,2.39816
246,N,UV-3,230.0,2.39816
247,N,UV-3,235.0,2.39816
248,N,UV-3,240.0,0.799388
249,N,UV-3,245.0,0.799388
250,N,UV-3,250.0,0.399694
251,N,UV-3,255.0,0.399694
252,N,UV-3,260.0,2.39816
253,N,UV-3,265.0,2.39816
254,N,UV-3,270.0,1.19908
255,N,UV-3,275.0,2.79786
256,N,UV-3,280.0,1.19908
257,N,UV-3,285.0,0.0
258,N,UV-3,290.0,1.99847
259,N,UV-3,295.0,1.19908
260,N,UV-3,300.0,0.799388
261,N,UV-3,305.0,1.59878
262,N,UV-3,310.0,0.799388
263,N,UV-3,315.0,1.59878
264,N,UV-3,320.0,0.799388
265,N,UV-3,325.0,0.799388
266,N,UV-3,330.0,1.19908
267,N,UV-3,335.0,0.799388
268,N,UV-3,340.0,2.79786
269,N,UV-3,345.0,0.799388
270,N,UV-3,350.0,0.399694
271,N,UV-3,355.0,0.399694
272,N,UV-3,360.0,1.59878
273,N,UV-3,365.0,1.59878
274,N,UV-3,370.0,0.399694
275,N,UV-3,375.0,1.19908
276,N,UV-3,380.0,0.0
277,N,UV-3,385.0,1.59878
278,N,UV-3,390.0,1.59878
279,N,UV-3,395.0,0.799388
280,N,UV-3,400.0,1.59878
281,N,UV-3,405.0,1.19908
282,N,UV-3,410.0,1.99847
283,N,UV-3,415.0,0.399694
284,N,UV-3,420.0,2.39816
285,N,UV-3,425.0,1.99847
286,N,UV-3,430.0,1.59878
287,N,UV-3,435.0,0.0
288,N,UV-3,440.0,1.59878
289,N,UV-3,445.0,0.0
290,N,UV-3,450.0,0.399694
291,N,UV-3,455.0,1.59878
292,N,UV-3,460.0,1.19908
293,N,UV-3,465.0,0.799388
294,N,UV-3,470.0,0.799388
295,N,UV-3,475.0,0.799388
296,N,UV-3,480.0,1.59878
297,N,UV-3,485.0,1.19908
298,N,UV-3,490.0,0.799388
299,N,UV-3,495.0,0.799388
300,N,UV-4,0.0,0.0
301,N,UV-4,5.0,0.0
302,N,UV-4,10.0,0.0
303,N,UV-4,15.0,0.0
304,N,UV-4,20.0,0.0
305,N,UV-4,25.0,1.07463
306,N,UV-4,30.0,1.07463
307,N,UV-4,35.0,3.22389
308,N,UV-4,40.0,1.61194
309,N,UV-4,45.0,3.7612
310,N,UV-4,50.0,2.68657
311,N,UV-4,55.0,3.7612
312,N,UV-4,60.0,6.44777
313,N,UV-4,65.0,5.37314
314,N,UV-4,70.0,2.14926
315,N,UV-4,75.0,4.29852
316,N,UV-4,80.0,2.68657
317,N,UV-4,85.0,1.07463
318,N,UV-4,90.0,3.7612
319,N,UV-4,95.0,1.07463
320,N,UV-4,100.0,2.14926
321,N,UV-4,105.0,4.29852
322,N,UV-4,110.0,2.14926
323,N,UV-4,115.0,1.61194
324,N,UV-4,120.0,1.07463
325,N,UV-4,125.0,1.61194
326,N,UV-4,130.0,4.29852
327,N,UV-4,135.0,3.22389
328,N,UV-4,140.0,2.14926
329,N,UV-4,145.0,2.68657
330,N,UV-4,150.0,3.7612
331,N,UV-4,155.0,1.61194
332,N,UV-4,160.0,4.83583
333,N,UV-4,165.0,0.537314
334,N,UV-4,170.0,2.14926
335,N,UV-4,175.0,1.07463
336,N,UV-4,180.0,1.61194
337,N,UV-4,185.0,1.61194
338,N,UV-4,190.0,2.14926
339,N,UV-4,195.0,1.61194
340,N,UV-4,200.0,2.68657
341,N,UV-4,205.0,2.14926
342,N,UV-4,210.0,1.07463
343,N,UV-4,215.0,1.61194
344,N,UV-4,220.0,1.61194
345,N,UV-4,225.0,1.61194
346,N,UV-4,230.0,1.07463
347,N,UV-4,235.0,0.537314
348,N,UV-4,240.0,1.07463
349,N,UV-4,245.0,0.537314
350,N,UV-4,250.0,1.61194
351,N,UV-4,255.0,2.14926
352,N,UV-4,260.0,0.537314
353,N,UV-4,265.0,1.61194
354,N,UV-4,270.0,1.07463
355,N,UV-4,275.0,1.07463
356,N,UV-4,280.0,3.7612
357,N,UV-4,285.0,0.537314
358,N,UV-4,290.0,1.61194
359,N,UV-4,295.0,1.07463
360,N,UV-4,300.0,0.537314
361,N,UV-4,305.0,1.61194
362,N,UV-4,310.0,0.537314
363,N,UV-4,315.0,0.537314
364,N,UV-4,320.0,0.0
365,N,UV-4,325.0,0.537314
366,N,UV-4,330.0,0.537314
367,N,UV-4,335.0,1.07463
368,N,UV-4,340.0,0.0
369,N,UV-4,345.0,0.537314
370,N,UV-4,350.0,0.0
371,N,UV-4,355.0,0.0
372,N,UV-4,360.0,0.537314
373,N,UV-4,365.0,0.537314
374,N,UV-4,370.0,1.07463
375,N,UV-4,375.0,0.0
376,N,UV-4,380.0,0.0
377,N,UV-4,385.0,0.0
378,N,UV-4,390.0,0.0
379,N,UV-4,395.0,0.0
380,N,UV-4,400.0,0.0
381,N,UV-4,405.0,0.537314
382,N,UV-4,410.0,0.0
383,N,UV-4,415.0,0.0
384,N,UV-4,420.0,0.0
385,N,UV-4,425.0,0.0
386,N,UV-4,430.0,0.0
387,N,UV-4,435.0,0.0
388,N,UV-4,440.0,0.0
389,N,UV-4,445.0,0.0
390,N,UV-4,450.0,0.537314
391,N,UV-4,455.0,1.07463
392,N,UV-4,460.0,0.0
393,N,UV-4,465.0,0.537314
394,N,UV-4,470.0,0.0
395,N,UV-4,475.0,0.0
396,N,UV-4,480.0,0.0
397,N,UV-4,485.0,0.0
398,N,UV-4,490.0,0.0
399,N,UV-4,495.0,0.0
400,N,UV-5,0.0,0.0
401,N,UV-5,5.0,0.0
402,N,UV-5,10.0,0.0
403,N,UV-5,15.0,0.0
404,N,UV-5,20.0,0.406517
405,N,UV-5,25.0,0.406517
406,N,UV-5,30.0,3.25213
407,N,UV-5,35.0,4.8782
408,N,UV-5,40.0,2.03258
409,N,UV-5,45.0,4.8782
410,N,UV-5,50.0,4.8782
411,N,UV-5,55.0,4.06517
412,N,UV-5,60.0,2.84562
413,N,UV-5,65.0,3.65865
414,N,UV-5,70.0,2.03258
415,N,UV-5,75.0,1.62607
416,N,UV-5,80.0,1.62607
417,N,UV-5,85.0,2.4391
418,N,UV-5,90.0,1.21955
419,N,UV-5,95.0,1.62607
420,N,UV-5,100.0,2.03258
421,N,UV-5,105.0,2.03258
422,N,UV-5,110.0,1.21955
423,N,UV-5,115.0,1.21955
424,N,UV-5,120.0,2.03258
425,N,UV-5,125.0,2.84562
426,N,UV-5,130.0,1.62607
427,N,UV-5,135.0,1.21955
428,N,UV-5,140.0,0.813033
429,N,UV-5,145.0,2.03258
430,N,UV-5,150.0,1.21955
431,N,UV-5,155.0,1.62607
432,N,UV-5,160.0,1.62607
433,N,UV-5,165.0,1.21955
434,N,UV-5,170.0,2.4391
435,N,UV-5,175.0,1.21955
436,N,UV-5,180.0,0.406517
437,N,UV-5,185.0,1.62607
438,N,UV-5,190.0,2.03258
439,N,UV-5,195.0,1.21955
440,N,UV-5,200.0,0.406517
441,N,UV-5,205.0,1.62607
442,N,UV-5,210.0,1.21955
443,N,UV-5,215.0,0.813033
444,N,UV-5,220.0,1.21955
445,N,UV-5,225.0,1.62607
446,N,UV-5,230.0,1.21955
447,N,UV-5,235.0,0.813033
448,N,UV-5,240.0,1.62607
449,N,UV-5,245.0,1.21955
450,N,UV-5,250.0,1.21955
451,N,UV-5,255.0,2.03258
452,N,UV-5,260.0,0.406517
453,N,UV-5,265.0,1.62607
454,N,UV-5,270.0,1.62607
455,N,UV-5,275.0,0.813033
456,N,UV-5,280.0,0.813033
457,N,UV-5,285.0,0.406517
458,N,UV-5,290.0,0.813033
459,N,UV-5,295.0,0.813033
460,N,UV-5,300.0,2.03258
461,N,UV-5,305.0,0.813033
462,N,UV-5,310.0,1.62607
463,N,UV-5,315.0,1.21955
464,N,UV-5,320.0,1.21955
465,N,UV-5,325.0,0.813033
466,N,UV-5,330.0,2.03258
467,N,UV-5,335.0,1.21955
468,N,UV-5,340.0,1.62607
469,N,UV-5,345.0,0.406517
470,N,UV-5,350.0,2.03258
471,N,UV-5,355.0,0.406517
472,N,UV-5,360.0,1.21955
473,N,UV-5,365.0,2.4391
474,N,UV-5,370.0,0.813033
475,N,UV-5,375.0,0.406517
476,N,UV-5,380.0,1.62607
477,N,UV-5,385.0,1.21955
478,N,UV-5,390.0,2.03258
479,N,UV-5,395.0,1.21955
480,N,UV-5,400.0,0.813033
481,N,UV-5,405.0,1.21955
482,N,UV-5,410.0,1.62607
483,N,UV-5,415.0,0.813033
484,N,UV-5,420.0,0.0
485,N,UV-5,425.0,0.406517
486,N,UV-5,430.0,2.03258
487,N,UV-5,435.0,0.813033
488,N,UV-5,440.0,1.62607
489,N,UV-5,445.0,0.813033
490,N,UV-5,450.0,0.813033
491,N,UV-5,455.0,0.406517
492,N,UV-5,460.0,0.0
493,N,UV-5,465.0,0.813033
494,N,UV-5,470.0,0.406517
495,N,UV-5,475.0,0.813033
496,N,UV-5,480.0,0.406517
497,N,UV-5,485.0,0.813033
498,N,UV-5,490.0,0.406517
499,N,UV-5,495.0,0.406517
500,N,UV-6,0.0,0.0
501,N,UV-6,5.0,0.0
502,N,UV-6,10.0,0.368506
503,N,UV-6,15.0,0.0
504,N,UV-6,20.0,0.0
505,N,UV-6,25.0,0.368506
506,N,UV-6,30.0,3.31656
507,N,UV-6,35.0,2.94805
508,N,UV-6,40.0,8.10714
509,N,UV-6,45.0,6.26461
510,N,UV-6,50.0,4.42208
511,N,UV-6,55.0,2.57954
512,N,UV-6,60.0,2.57954
513,N,UV-6,65.0,3.68506
514,N,UV-6,70.0,2.57954
515,N,UV-6,75.0,2.21104
516,N,UV-6,80.0,1.47403
517,N,UV-6,85.0,2.21104
518,N,UV-6,90.0,1.10552
519,N,UV-6,95.0,2.21104
520,N,UV-6,100.0,2.57954
521,N,UV-6,105.0,1.84253
522,N,UV-6,110.0,1.47403
523,N,UV-6,115.0,1.10552
524,N,UV-6,120.0,1.84253
525,N,UV-6,125.0,0.368506
526,N,UV-6,130.0,1.47403
527,N,UV-6,135.0,1.10552
528,N,UV-6,140.0,1.47403
529,N,UV-6,145.0,1.47403
530,N,UV-6,150.0,0.737013
531,N,UV-6,155.0,0.737013
532,N,UV-6,160.0,2.21104
533,N,UV-6,165.0,0.737013
534,N,UV-6,170.0,1.47403
535,N,UV-6,175.0,0.737013
536,N,UV-6,180.0,1.84253
537,N,UV-6,185.0,1.10552
538,N,UV-6,190.0,1.10552
539,N,UV-6,195.0,1.47403
540,N,UV-6,200.0,0.737013
541,N,UV-6,205.0,1.84253
542,N,UV-6,210.0,1.84253
543,N,UV-6,215.0,1.47403
544,N,UV-6,220.0,0.737013
545,N,UV-6,225.0,0.737013
546,N,UV-6,230.0,2.57954
547,N,UV-6,235.0,2.21104
548,N,UV-6,240.0,2.57954
549,N,UV-6,245.0,1.47403
550,N,UV-6,250.0,0.368506
551,N,UV-6,255.0,1.47403
552,N,UV-6,260.0,1.10552
553,N,UV-6,265.0,1.10552
554,N,UV-6,270.0,1.10552
555,N,UV-6,275.0,1.84253
556,N,UV-6,280.0,0.737013
557,N,UV-6,285.0,1.10552
558,N,UV-6,290.0,0.737013
559,N,UV-6,295.0,1.84253
560,N,UV-6,300.0,1.84253
561,N,UV-6,305.0,1.10552
562,N,UV-6,310.0,1.84253
563,N,UV-6,315.0,1.84253
564,N,UV-6,320.0,1.47403
565,N,UV-6,325.0,1.10552
566,N,UV-6,330.0,0.737013
567,N,UV-6,335.0,0.737013
568,N,UV-6,340.0,1.47403
569,N,UV-6,345.0,1.10552
570,N,UV-6,350.0,1.47403
571,N,UV-6,355.0,0.368506
572,N,UV-6,360.0,1.10552
573,N,UV-6,365.0,2.21104
574,N,UV-6,370.0,1.84253
575,N,UV-6,375.0,1.10552
576,N,UV-6,380.0,0.737013
577,N,UV-6,385.0,1.47403
578,N,UV-6,390.0,0.368506
579,N,UV-6,395.0,0.737013
580,N,UV-6,400.0,1.10552
581,N,UV-6,405.0,0.368506
582,N,UV-6,410.0,1.84253
583,N,UV-6,415.0,1.10552
584,N,UV-6,420.0,0.737013
585,N,UV-6,425.0,0.737013
586,N,UV-6,430.0,1.10552
587,N,UV-6,435.0,1.10552
588,N,UV-6,440.0,0.737013
589,N,UV-6,445.0,0.737013
590,N,UV-6,450.0,0.368506
591,N,UV-6,455.0,0.368506
592,N,UV-6,460.0,1.47403
593,N,UV-6,465.0,1.10552
594,N,UV-6,470.0,1.10552
595,N,UV-6,475.0,0.368506
596,N,UV-6,480.0,0.0
597,N,UV-6,485.0,1.10552
598,N,UV-6,490.0,1.47403
599,N,UV-6,495.0,0.368506
600,D,UV-1,0.0,0.0
601,D,UV-1,5.0,0.0
602,D,UV-1,10.0,0.0
603,D,UV-1,15.0,0.0
604,D,UV-1,20.0,0.0
605,D,UV-1,25.0,0.545299
606,D,UV-1,30.0,2.1812
607,D,UV-1,35.0,4.90769
608,D,UV-1,40.0,8.72479
609,D,UV-1,45.0,8.72479
610,D,UV-1,50.0,4.36239
611,D,UV-1,55.0,1.0906
612,D,UV-1,60.0,2.1812
613,D,UV-1,65.0,2.1812
614,D,UV-1,70.0,2.1812
615,D,UV-1,75.0,3.2718
616,D,UV-1,80.0,2.1812
617,D,UV-1,85.0,0.545299
618,D,UV-1,90.0,1.0906
619,D,UV-1,95.0,2.7265
620,D,UV-1,100.0,0.545299
621,D,UV-1,105.0,1.0906
622,D,UV-1,110.0,2.7265
623,D,UV-1,115.0,2.7265
624,D,UV-1,120.0,1.0906
625,D,UV-1,125.0,2.1812
626,D,UV-1,130.0,3.2718
627,D,UV-1,135.0,1.6359
628,D,UV-1,140.0,1.0906
629,D,UV-1,145.0,1.6359
630,D,UV-1,150.0,0.0
631,D,UV-1,155.0,1.0906
632,D,UV-1,160.0,1.0906
633,D,UV-1,165.0,1.0906
634,D,UV-1,170.0,2.7265
635,D,UV-1,175.0,1.0906
636,D,UV-1,180.0,1.0906
637,D,UV-1,185.0,1.0906
638,D,UV-1,190.0,1.0906
639,D,UV-1,195.0,2.1812
640,D,UV-1,200.0,1.0906
641,D,UV-1,205.0,0.545299
642,D,UV-1,210.0,1.6359
643,D,UV-1,215.0,1.0906
644,D,UV-1,220.0,2.1812
645,D,UV-1,225.0,0.545299
646,D,UV-1,230.0,0.545299
647,D,UV-1,235.0,1.0906
648,D,UV-1,240.0,1.0906
649,D,UV-1,245.0,0.545299
650,D,UV-1,250.0,1.0906
651,D,UV-1,255.0,0.0
652,D,UV-1,260.0,2.1812
653,D,UV-1,265.0,0.545299
654,D,UV-1,270.0,0.545299
655,D,UV-1,275.0,0.545299
656,D,UV-1,280.0,1.0906
657,D,UV-1,285.0,0.545299
658,D,UV-1,290.0,0.545299
659,D,UV-1,295.0,0.0
660,D,UV-1,300.0,0.545299
661,D,UV-1,305.0,0.0
662,D,UV-1,310.0,0.545299
663,D,UV-1,315.0,0.0
664,D,UV-1,320.0,0.0
665,D,UV-1,325.0,0.0
666,D,UV-1,330.0,0.0
667,D,UV-1,335.0,0.545299
668,D,UV-1,340.0,1.0906
669,D,UV-1,345.0,0.545299
670,D,UV-1,350.0,0.0
671,D,UV-1,355.0,0.0
672,D,UV-1,360.0,0.0
673,D,UV-1,365.0,0.0
674,D,UV-1,370.0,0.0
675,D,UV-1,375.0,0.0
676,D,UV-1,380.0,0.0
677,D,UV-1,385.0,0.0
678,D,UV-1,390.0,0.0
679,D,UV-1,395.0,0.545299
680,D,UV-1,400.0,0.0
681,D,UV-1,405.0,0.0
682,D,UV-1,410.0,0.545299
683,D,UV-1,415.0,0.0
684,D,UV-1,420.0,0.0
685,D,UV-1,425.0,0.0
686,D,UV-1,430.0,0.0
687,D,UV-1,435.0,0.0
688,D,UV-1,440.0,0.0
689,D,UV-1,445.0,0.0
690,D,UV-1,450.0,0.0
691,D,UV-1,455.0,0.0
692,D,UV-1,460.0,0.545299
693,D,UV-1,465.0,0.0
694,D,UV-1,470.0,0.0
695,D,UV-1,475.0,0.0
696,D,UV-1,480.0,0.0
697,D,UV-1,485.0,0.0
698,D,UV-1,490.0,0.0
699,D,UV-1,495.0,0.0
700,D,UV-2,0.0,0.0
701,D,UV-2,5.0,0.0
702,D,UV-2,10.0,0.0
703,D,UV-2,15.0,0.0
704,D,UV-2,20.0,0.811923
705,D,UV-2,25.0,1.62385
706,D,UV-2,30.0,3.24769
707,D,UV-2,35.0,6.49538
708,D,UV-2,40.0,9.74307
709,D,UV-2,45.0,4.87154
710,D,UV-2,50.0,4.87154
711,D,UV-2,55.0,0.811923
712,D,UV-2,60.0,0.0
713,D,UV-2,65.0,3.24769
714,D,UV-2,70.0,1.62385
715,D,UV-2,75.0,3.24769
716,D,UV-2,80.0,1.62385
717,D,UV-2,85.0,1.62385
718,D,UV-2,90.0,6.49538
719,D,UV-2,95.0,1.62385
720,D,UV-2,100.0,3.24769
721,D,UV-2,105.0,1.62385
722,D,UV-2,110.0,3.24769
723,D,UV-2,115.0,0.811923
724,D,UV-2,120.0,0.0
725,D,UV-2,125.0,2.43577
726,D,UV-2,130.0,0.811923
727,D,UV-2,135.0,2.43577
728,D,UV-2,140.0,1.62385
729,D,UV-2,145.0,0.811923
730,D,UV-2,150.0,1.62385
731,D,UV-2,155.0,1.62385
732,D,UV-2,160.0,1.62385
733,D,UV-2,165.0,1.62385
734,D,UV-2,170.0,0.811923
735,D,UV-2,175.0,0.811923
736,D,UV-2,180.0,0.811923
737,D,UV-2,185.0,5.68346
738,D,UV-2,190.0,1.62385
739,D,UV-2,195.0,1.62385
740,D,UV-2,200.0,4.05961
741,D,UV-2,205.0,4.05961
742,D,UV-2,210.0,2.43577
743,D,UV-2,215.0,0.0
744,D,UV-2,220.0,0.0
745,D,UV-2,225.0,2.43577
746,D,UV-2,230.0,2.43577
747,D,UV-2,235.0,2.43577
748,D,UV-2,240.0,3.24769
749,D,UV-2,245.0,2.43577
750,D,UV-2,250.0,2.43577
751,D,UV-2,255.0,2.43577
752,D,UV-2,260.0,0.811923
753,D,UV-2,265.0,0.0
754,D,UV-2,270.0,1.62385
755,D,UV-2,275.0,0.0
756,D,UV-2,280.0,0.811923
757,D,UV-2,285.0,1.62385
758,D,UV-2,290.0,1.62385
759,D,UV-2,295.0,1.62385
760,D,UV-2,300.0,0.811923
761,D,UV-2,305.0,0.811923
762,D,UV-2,310.0,0.0
763,D,UV-2,315.0,0.0
764,D,UV-2,320.0,1.62385
765,D,UV-2,325.0,0.811923
766,D,UV-2,330.0,0.811923
767,D,UV-2,335.0,1.62385
768,D,UV-2,340.0,0.0
769,D,UV-2,345.0,0.811923
770,D,UV-2,350.0,1.62385
771,D,UV-2,355.0,0.811923
772,D,UV-2,360.0,1.62385
773,D,UV-2,365.0,0.0
774,D,UV-2,370.0,0.0
775,D,UV-2,375.0,1.62385
776,D,UV-2,380.0,0.0
777,D,UV-2,385.0,0.811923
778,D,UV-2,390.0,0.0
779,D,UV-2,395.0,0.0
780,D,UV-2,400.0,1.62385
781,D,UV-2,405.0,0.0
782,D,UV-2,410.0,0.0
783,D,UV-2,415.0,0.0
784,D,UV-2,420.0,0.811923
785,D,UV-2,425.0,0.811923
786,D,UV-2,430.0,0.0
787,D,UV-2,435.0,0.0
788,D,UV-2,440.0,0.0
789,D,UV-2,445.0,0.0
790,D,UV-2,450.0,0.0
791,D,UV-2,455.0,0.0
792,D,UV-2,460.0,0.0
793,D,UV-2,465.0,0.0
794,D,UV-2,470.0,0.0
795,D,UV-2,475.0,0.811923
796,D,UV-2,480.0,0.0
797,D,UV-2,485.0,0.0
798,D,UV-2,490.0,0.0
799,D,UV-2,495.0,0.811923
800,D,UV-3,0.0,0.0
801,D,UV-3,5.0,0.0
802,D,UV-3,10.0,0.0
803,D,UV-3,15.0,0.0
804,D,UV-3,20.0,0.0
805,D,UV-3,25.0,0.0
806,D,UV-3,30.0,1.63065
807,D,UV-3,35.0,4.34839
808,D,UV-3,40.0,7.06614
809,D,UV-3,45.0,9.24033
810,D,UV-3,50.0,4.89194
811,D,UV-3,55.0,4.34839
812,D,UV-3,60.0,0.543549
813,D,UV-3,65.0,3.26129
814,D,UV-3,70.0,1.63065
815,D,UV-3,75.0,2.71774
816,D,UV-3,80.0,4.34839
817,D,UV-3,85.0,0.543549
818,D,UV-3,90.0,1.63065
819,D,UV-3,95.0,1.63065
820,D,UV-3,100.0,1.0871
821,D,UV-3,105.0,0.0
822,D,UV-3,110.0,0.543549
823,D,UV-3,115.0,0.0
824,D,UV-3,120.0,0.0
825,D,UV-3,125.0,1.63065
826,D,UV-3,130.0,0.0
827,D,UV-3,135.0,2.1742
828,D,UV-3,140.0,0.543549
829,D,UV-3,145.0,0.543549
830,D,UV-3,150.0,0.0
831,D,UV-3,155.0,1.0871
832,D,UV-3,160.0,0.543549
833,D,UV-3,165.0,0.0
834,D,UV-3,170.0,0.543549
835,D,UV-3,175.0,0.543549
836,D,UV-3,180.0,0.0
837,D,UV-3,185.0,0.0
838,D,UV-3,190.0,0.543549
839,D,UV-3,195.0,1.0871
840,D,UV-3,200.0,1.0871
841,D,UV-3,205.0,0.0
842,D,UV-3,210.0,0.543549
843,D,UV-3,215.0,0.543549
844,D,UV-3,220.0,0.543549
845,D,UV-3,225.0,1.0871
846,D,UV-3,230.0,0.0
847,D,UV-3,235.0,0.543549
848,D,UV-3,240.0,1.0871
849,D,UV-3,245.0,0.0
850,D,UV-3,250.0,0.543549
851,D,UV-3,255.0,0.543549
852,D,UV-3,260.0,0.543549
853,D,UV-3,265.0,0.543549
854,D,UV-3,270.0,0.543549
855,D,UV-3,275.0,0.0
856,D,UV-3,280.0,0.0
857,D,UV-3,285.0,0.0
858,D,UV-3,290.0,0.0
859,D,UV-3,295.0,0.543549
860,D,UV-3,300.0,0.543549
861,D,UV-3,305.0,0.0
862,D,UV-3,310.0,0.0
863,D,UV-3,315.0,0.543549
864,D,UV-3,320.0,0.543549
865,D,UV-3,325.0,1.0871
866,D,UV-3,330.0,0.0
867,D,UV-3,335.0,0.0
868,D,UV-3,340.0,0.543549
869,D,UV-3,345.0,0.543549
870,D,UV-3,350.0,0.0
871,D,UV-3,355.0,0.0
872,D,UV-3,360.0,0.0
873,D,UV-3,365.0,0.0
874,D,UV-3,370.0,0.0
875,D,UV-3,375.0,0.543549
876,D,UV-3,380.0,0.543549
877,D,UV-3,385.0,0.0
878,D,UV-3,390.0,0.543549
879,D,UV-3,395.0,0.0
880,D,UV-3,400.0,0.543549
881,D,UV-3,405.0,0.0
882,D,UV-3,410.0,0.543549
883,D,UV-3,415.0,0.0
884,D,UV-3,420.0,0.0
885,D,UV-3,425.0,0.543549
886,D,UV-3,430.0,0.0
887,D,UV-3,435.0,0.543549
888,D,UV-3,440.0,0.0
889,D,UV-3,445.0,0.0
890,D,UV-3,450.0,0.0
891,D,UV-3,455.0,0.0
892,D,UV-3,460.0,0.0
893,D,UV-3,465.0,0.0
894,D,UV-3,470.0,0.0
895,D,UV-3,475.0,0.0
896,D,UV-3,480.0,0.0
897,D,UV-3,485.0,0.0
898,D,UV-3,490.0,0.0
899,D,UV-3,495.0,0.543549
900,D,UV-4,0.0,0.0
901,D,UV-4,5.0,0.0
902,D,UV-4,10.0,0.0
903,D,UV-4,15.0,0.0
904,D,UV-4,20.0,0.0
905,D,UV-4,25.0,0.763002
906,D,UV-4,30.0,1.526
907,D,UV-4,35.0,11.445
908,D,UV-4,40.0,8.39302
909,D,UV-4,45.0,5.34101
910,D,UV-4,50.0,2.289
911,D,UV-4,55.0,1.526
912,D,UV-4,60.0,2.289
913,D,UV-4,65.0,1.526
914,D,UV-4,70.0,0.763002
915,D,UV-4,75.0,2.289
916,D,UV-4,80.0,2.289
917,D,UV-4,85.0,0.0
918,D,UV-4,90.0,0.0
919,D,UV-4,95.0,0.763002
920,D,UV-4,100.0,0.0
921,D,UV-4,105.0,0.763002
922,D,UV-4,110.0,1.526
923,D,UV-4,115.0,0.0
924,D,UV-4,120.0,0.0
925,D,UV-4,125.0,0.763002
926,D,UV-4,130.0,0.763002
927,D,UV-4,135.0,1.526
928,D,UV-4,140.0,0.0
929,D,UV-4,145.0,0.763002
930,D,UV-4,150.0,1.526
931,D,UV-4,155.0,2.289
932,D,UV-4,160.0,2.289
933,D,UV-4,165.0,0.0
934,D,UV-4,170.0,2.289
935,D,UV-4,175.0,3.05201
936,D,UV-4,180.0,2.289
937,D,UV-4,185.0,0.763002
938,D,UV-4,190.0,0.0
939,D,UV-4,195.0,2.289
940,D,UV-4,200.0,1.526
941,D,UV-4,205.0,1.526
942,D,UV-4,210.0,2.289
943,D,UV-4,215.0,3.05201
944,D,UV-4,220.0,0.763002
945,D,UV-4,225.0,2.289
946,D,UV-4,230.0,2.289
947,D,UV-4,235.0,2.289
948,D,UV-4,240.0,2.289
949,D,UV-4,245.0,2.289
950,D,UV-4,250.0,0.763002
951,D,UV-4,255.0,1.526
952,D,UV-4,260.0,1.526
953,D,UV-4,265.0,0.763002
954,D,UV-4,270.0,3.05201
955,D,UV-4,275.0,2.289
956,D,UV-4,280.0,1.526
957,D,UV-4,285.0,0.763002
958,D,UV-4,290.0,0.0
959,D,UV-4,295.0,2.289
960,D,UV-4,300.0,1.526
961,D,UV-4,305.0,0.763002
962,D,UV-4,310.0,1.526
963,D,UV-4,315.0,1.526
964,D,UV-4,320.0,0.763002
965,D,UV-4,325.0,0.0
966,D,UV-4,330.0,1.526
967,D,UV-4,335.0,0.0
968,D,UV-4,340.0,0.763002
969,D,UV-4,345.0,0.0
970,D,UV-4,350.0,0.763002
971,D,UV-4,355.0,1.526
972,D,UV-4,360.0,0.763002
973,D,UV-4,365.0,1.526
974,D,UV-4,370.0,1.526
975,D,UV-4,375.0,0.763002
976,D,UV-4,380.0,0.763002
977,D,UV-4,385.0,1.526
978,D,UV-4,390.0,0.763002
979,D,UV-4,395.0,0.0
980,D,UV-4,400.0,0.0
981,D,UV-4,405.0,0.0
982,D,UV-4,410.0,0.763002
983,D,UV-4,415.0,0.0
984,D,UV-4,420.0,0.763002
985,D,UV-4,425.0,1.526
986,D,UV-4,430.0,0.763002
987,D,UV-4,435.0,0.763002
988,D,UV-4,440.0,0.763002
989,D,UV-4,445.0,0.763002
990,D,UV-4,450.0,0.0
991,D,UV-4,455.0,1.526
992,D,UV-4,460.0,0.0
993,D,UV-4,465.0,0.0
994,D,UV-4,470.0,0.763002
995,D,UV-4,475.0,1.526
996,D,UV-4,480.0,0.763002
997,D,UV-4,485.0,0.763002
998,D,UV-4,490.0,0.763002
999,D,UV-4,495.0,2.289
1000,D,UV-5,0.0,0.0
1001,D,UV-5,5.0,0.0
1002,D,UV-5,10.0,0.0
1003,D,UV-5,15.0,0.0
1004,D,UV-5,20.0,0.0
1005,D,UV-5,25.0,0.830115
1006,D,UV-5,30.0,4.15058
1007,D,UV-5,35.0,5.81081
1008,D,UV-5,40.0,12.4517
1009,D,UV-5,45.0,4.98069
1010,D,UV-5,50.0,3.32046
1011,D,UV-5,55.0,0.0
1012,D,UV-5,60.0,3.32046
1013,D,UV-5,65.0,4.15058
1014,D,UV-5,70.0,1.66023
1015,D,UV-5,75.0,0.0
1016,D,UV-5,80.0,2.49035
1017,D,UV-5,85.0,3.32046
1018,D,UV-5,90.0,1.66023
1019,D,UV-5,95.0,1.66023
1020,D,UV-5,100.0,0.830115
1021,D,UV-5,105.0,0.0
1022,D,UV-5,110.0,4.15058
1023,D,UV-5,115.0,0.0
1024,D,UV-5,120.0,2.49035
1025,D,UV-5,125.0,0.830115
1026,D,UV-5,130.0,1.66023
1027,D,UV-5,135.0,0.830115
1028,D,UV-5,140.0,2.49035
1029,D,UV-5,145.0,0.830115
1030,D,UV-5,150.0,0.830115
1031,D,UV-5,155.0,0.0
1032,D,UV-5,160.0,0.830115
1033,D,UV-5,165.0,0.830115
1034,D,UV-5,170.0,0.830115
1035,D,UV-5,175.0,0.830115
1036,D,UV-5,180.0,0.0
1037,D,UV-5,185.0,0.0
1038,D,UV-5,190.0,0.830115
1039,D,UV-5,195.0,0.0
1040,D,UV-5,200.0,0.0
1041,D,UV-5,205.0,0.830115
1042,D,UV-5,210.0,0.0
1043,D,UV-5,215.0,0.0
1044,D,UV-5,220.0,0.830115
1045,D,UV-5,225.0,0.0
1046,D,UV-5,230.0,0.830115
1047,D,UV-5,235.0,1.66023
1048,D,UV-5,240.0,0.830115
1049,D,UV-5,245.0,0.0
1050,D,UV-5,250.0,0.0
1051,D,UV-5,255.0,0.830115
1052,D,UV-5,260.0,0.830115
1053,D,UV-5,265.0,0.830115
1054,D,UV-5,270.0,0.830115
1055,D,UV-5,275.0,0.0
1056,D,UV-5,280.0,0.0
1057,D,UV-5,285.0,1.66023
1058,D,UV-5,290.0,0.830115
1059,D,UV-5,295.0,0.0
1060,D,UV-5,300.0,1.66023
1061,D,UV-5,305.0,0.0
1062,D,UV-5,310.0,0.0
1063,D,UV-5,315.0,0.0
1064,D,UV-5,320.0,1.66023
1065,D,UV-5,325.0,0.0
1066,D,UV-5,330.0,0.0
1067,D,UV-5,335.0,0.830115
1068,D,UV-5,340.0,0.0
1069,D,UV-5,345.0,0.0
1070,D,UV-5,350.0,0.0
1071,D,UV-5,355.0,0.0
1072,D,UV-5,360.0,0.830115
1073,D,UV-5,365.0,0.0
1074,D,UV-5,370.0,0.0
1075,D,UV-5,375.0,0.0
1076,D,UV-5,380.0,0.830115
1077,D,UV-5,385.0,0.0
1078,D,UV-5,390.0,0.0
1079,D,UV-5,395.0,0.830115
1080,D,UV-5,400.0,0.0
1081,D,UV-5,405.0,0.0
1082,D,UV-5,410.0,0.0
1083,D,UV-5,415.0,0.0
1084,D,UV-5,420.0,0.0
1085,D,UV-5,425.0,0.830115
1086,D,UV-5,430.0,0.0
1087,D,UV-5,435.0,0.0
1088,D,UV-5,440.0,0.0
1089,D,UV-5,445.0,0.0
1090,D,UV-5,450.0,0.0
1091,D,UV-5,455.0,0.830115
1092,D,UV-5,460.0,0.0
1093,D,UV-5,465.0,0.0
1094,D,UV-5,470.0,0.0
1095,D,UV-5,475.0,0.0
1096,D,UV-5,480.0,0.0
1097,D,UV-5,485.0,0.0
1098,D,UV-5,490.0,0.0
1099,D,UV-5,495.0,0.830115
1100,D,UV-6,0.0,0.0
1101,D,UV-6,5.0,0.0
1102,D,UV-6,10.0,0.0
1103,D,UV-6,15.0,0.0
1104,D,UV-6,20.0,0.471102
1105,D,UV-6,25.0,2.35551
1106,D,UV-6,30.0,5.18212
1107,D,UV-6,35.0,9.42204
1108,D,UV-6,40.0,11.3064
1109,D,UV-6,45.0,4.71102
1110,D,UV-6,50.0,2.82661
1111,D,UV-6,55.0,1.41331
1112,D,UV-6,60.0,2.82661
1113,D,UV-6,65.0,1.41331
1114,D,UV-6,70.0,1.88441
1115,D,UV-6,75.0,3.76882
1116,D,UV-6,80.0,2.35551
1117,D,UV-6,85.0,0.471102
1118,D,UV-6,90.0,1.41331
1119,D,UV-6,95.0,0.942204
1120,D,UV-6,100.0,3.29771
1121,D,UV-6,105.0,1.41331
1122,D,UV-6,110.0,0.471102
1123,D,UV-6,115.0,2.35551
1124,D,UV-6,120.0,1.41331
1125,D,UV-6,125.0,1.88441
1126,D,UV-6,130.0,1.88441
1127,D,UV-6,135.0,0.471102
1128,D,UV-6,140.0,1.41331
1129,D,UV-6,145.0,0.942204
1130,D,UV-6,150.0,3.76882
1131,D,UV-6,155.0,1.88441
1132,D,UV-6,160.0,2.35551
1133,D,UV-6,165.0,2.35551
1134,D,UV-6,170.0,0.471102
1135,D,UV-6,175.0,0.942204
1136,D,UV-6,180.0,0.942204
1137,D,UV-6,185.0,0.942204
1138,D,UV-6,190.0,0.0
1139,D,UV-6,195.0,2.35551
1140,D,UV-6,200.0,2.35551
1141,D,UV-6,205.0,0.471102
1142,D,UV-6,210.0,0.942204
1143,D,UV-6,215.0,0.471102
1144,D,UV-6,220.0,0.0
1145,D,UV-6,225.0,0.0
1146,D,UV-6,230.0,0.0
1147,D,UV-6,235.0,0.0
1148,D,UV-6,240.0,0.0
1149,D,UV-6,245.0,0.0
1150,D,UV-6,250.0,0.0
1151,D,UV-6,255.0,0.0
1152,D,UV-6,260.0,0.0
1153,D,UV-6,265.0,0.0
1154,D,UV-6,270.0,0.0
1155,D,UV-6,275.0,0.0
1156,D,UV-6,280.0,0.0
1157,D,UV-6,285.0,0.0
1158,D,UV-6,290.0,0.0
1159,D,UV-6,295.0,0.0
1160,D,UV-6,300.0,0.0
1161,D,UV-6,305.0,0.0
1162,D,UV-6,310.0,0.0
1163,D,UV-6,315.0,0.0
1164,D,UV-6,320.0,0.0
1165,D,UV-6,325.0,0.0
1166,D,UV-6,330.0,0.0
1167,D,UV-6,335.0,0.0
1168,D,UV-6,340.0,0.0
1169,D,UV-6,345.0,0.0
1170,D,UV-6,350.0,0.0
1171,D,UV-6,355.0,0.0
1172,D,UV-6,360.0,0.0
1173,D,UV-6,365.0,0.0
1174,D,UV-6,370.0,0.0
1175,D,UV-6,375.0,0.0
1176,D,UV-6,380.0,0.0
1177,D,UV-6,385.0,0.0
1178,D,UV-6,390.0,0.0
1179,D,UV-6,395.0,0.0
1180,D,UV-6,400.0,0.0
1181,D,UV-6,405.0,0.0
1182,D,UV-6,410.0,0.0
1183,D,UV-6,415.0,0.0
1184,D,UV-6,420.0,0.0
1185,D,UV-6,425.0,0.0
1186,D,UV-6,430.0,0.0
1187,D,UV-6,435.0,0.0
1188,D,UV-6,440.0,0.0
1189,D,UV-6,445.0,0.0
1190,D,UV-6,450.0,0.0
1191,D,UV-6,455.0,0.0
1192,D,UV-6,460.0,0.0
1193,D,UV-6,465.0,0.0
1194,D,UV-6,470.0,0.0
1195,D,UV-6,475.0,0.0
1196,D,UV-6,480.0,0.0
1197,D,UV-6,485.0,0.0
1198,D,UV-6,490.0,0.0
1199,D,UV-6,495.0,0.0
1200,S,UV-1,0.0,0.0
1201,S,UV-1,5.0,0.0
1202,S,UV-1,10.0,0.0
1203,S,UV-1,15.0,0.419866
1204,S,UV-1,20.0,0.419866
1205,S,UV-1,25.0,0.839732
1206,S,UV-1,30.0,2.09933
1207,S,UV-1,35.0,5.45826
1208,S,UV-1,40.0,6.29799
1209,S,UV-1,45.0,2.93906
1210,S,UV-1,50.0,5.45826
1211,S,UV-1,55.0,3.77879
1212,S,UV-1,60.0,3.77879
1213,S,UV-1,65.0,3.35893
1214,S,UV-1,70.0,2.09933
1215,S,UV-1,75.0,2.93906
1216,S,UV-1,80.0,0.419866
1217,S,UV-1,85.0,2.5192
1218,S,UV-1,90.0,1.67946
1219,S,UV-1,95.0,0.839732
1220,S,UV-1,100.0,0.0
1221,S,UV-1,105.0,1.67946
1222,S,UV-1,110.0,1.2596
1223,S,UV-1,115.0,2.09933
1224,S,UV-1,120.0,0.839732
1225,S,UV-1,125.0,0.839732
1226,S,UV-1,130.0,1.2596
1227,S,UV-1,135.0,0.839732
1228,S,UV-1,140.0,0.419866
1229,S,UV-1,145.0,0.839732
1230,S,UV-1,150.0,1.2596
1231,S,UV-1,155.0,1.2596
1232,S,UV-1,160.0,2.5192
1233,S,UV-1,165.0,1.67946
1234,S,UV-1,170.0,0.0
1235,S,UV-1,175.0,0.839732
1236,S,UV-1,180.0,2.5192
1237,S,UV-1,185.0,1.2596
1238,S,UV-1,190.0,0.839732
1239,S,UV-1,195.0,0.839732
1240,S,UV-1,200.0,1.2596
1241,S,UV-1,205.0,1.67946
1242,S,UV-1,210.0,1.2596
1243,S,UV-1,215.0,0.419866
1244,S,UV-1,220.0,1.67946
1245,S,UV-1,225.0,0.419866
1246,S,UV-1,230.0,1.2596
1247,S,UV-1,235.0,0.839732
1248,S,UV-1,240.0,2.93906
1249,S,UV-1,245.0,1.67946
1250,S,UV-1,250.0,0.419866
1251,S,UV-1,255.0,0.839732
1252,S,UV-1,260.0,1.2596
1253,S,UV-1,265.0,1.67946
1254,S,UV-1,270.0,1.67946
1255,S,UV-1,275.0,1.2596
1256,S,UV-1,280.0,0.839732
1257,S,UV-1,285.0,0.419866
1258,S,UV-1,290.0,0.419866
1259,S,UV-1,295.0,0.839732
1260,S,UV-1,300.0,0.839732
1261,S,UV-1,305.0,2.09933
1262,S,UV-1,310.0,0.419866
1263,S,UV-1,315.0,1.2596
1264,S,UV-1,320.0,2.09933
1265,S,UV-1,325.0,0.839732
1266,S,UV-1,330.0,1.2596
1267,S,UV-1,335.0,0.419866
1268,S,UV-1,340.0,0.419866
1269,S,UV-1,345.0,0.0
1270,S,UV-1,350.0,2.5192
1271,S,UV-1,355.0,0.419866
1272,S,UV-1,360.0,2.09933
1273,S,UV-1,365.0,0.839732
1274,S,UV-1,370.0,1.2596
1275,S,UV-1,375.0,0.839732
1276,S,UV-1,380.0,0.839732
1277,S,UV-1,385.0,0.839732
1278,S,UV-1,390.0,0.419866
1279,S,UV-1,395.0,1.67946
1280,S,UV-1,400.0,2.09933
1281,S,UV-1,405.0,1.67946
1282,S,UV-1,410.0,0.0
1283,S,UV-1,415.0,0.839732
1284,S,UV-1,420.0,0.419866
1285,S,UV-1,425.0,0.419866
1286,S,UV-1,430.0,0.839732
1287,S,UV-1,435.0,0.419866
1288,S,UV-1,440.0,0.839732
1289,S,UV-1,445.0,0.0
1290,S,UV-1,450.0,1.2596
1291,S,UV-1,455.0,0.839732
1292,S,UV-1,460.0,0.419866
1293,S,UV-1,465.0,0.419866
1294,S,UV-1,470.0,1.67946
1295,S,UV-1,475.0,0.419866
1296,S,UV-1,480.0,0.0
1297,S,UV-1,485.0,0.419866
1298,S,UV-1,490.0,0.419866
1299,S,UV-1,495.0,0.419866
1300,S,UV-2,0.0,0.0
1301,S,UV-2,5.0,0.0
1302,S,UV-2,10.0,0.352859
1303,S,UV-2,15.0,0.0
1304,S,UV-2,20.0,0.0
1305,S,UV-2,25.0,3.17573
1306,S,UV-2,30.0,3.88145
1307,S,UV-2,35.0,6.70432
1308,S,UV-2,40.0,7.7629
1309,S,UV-2,45.0,8.11576
1310,S,UV-2,50.0,3.17573
1311,S,UV-2,55.0,0.705718
1312,S,UV-2,60.0,1.7643
1313,S,UV-2,65.0,1.41144
1314,S,UV-2,70.0,4.58717
1315,S,UV-2,75.0,3.52859
1316,S,UV-2,80.0,1.05858
1317,S,UV-2,85.0,1.7643
1318,S,UV-2,90.0,0.352859
1319,S,UV-2,95.0,2.47001
1320,S,UV-2,100.0,2.47001
1321,S,UV-2,105.0,1.7643
1322,S,UV-2,110.0,2.82287
1323,S,UV-2,115.0,2.11715
1324,S,UV-2,120.0,2.82287
1325,S,UV-2,125.0,1.41144
1326,S,UV-2,130.0,2.11715
1327,S,UV-2,135.0,1.7643
1328,S,UV-2,140.0,2.47001
1329,S,UV-2,145.0,0.705718
1330,S,UV-2,150.0,3.52859
1331,S,UV-2,155.0,2.82287
1332,S,UV-2,160.0,1.7643
1333,S,UV-2,165.0,3.52859
1334,S,UV-2,170.0,1.05858
1335,S,UV-2,175.0,1.41144
1336,S,UV-2,180.0,1.41144
1337,S,UV-2,185.0,1.05858
1338,S,UV-2,190.0,1.41144
1339,S,UV-2,195.0,1.7643
1340,S,UV-2,200.0,0.705718
1341,S,UV-2,205.0,2.47001
1342,S,UV-2,210.0,2.82287
1343,S,UV-2,215.0,1.41144
1344,S,UV-2,220.0,1.05858
1345,S,UV-2,225.0,2.11715
1346,S,UV-2,230.0,2.11715
1347,S,UV-2,235.0,1.7643
1348,S,UV-2,240.0,2.47001
1349,S,UV-2,245.0,1.7643
1350,S,UV-2,250.0,1.41144
1351,S,UV-2,255.0,1.7643
1352,S,UV-2,260.0,1.05858
1353,S,UV-2,265.0,0.705718
1354,S,UV-2,270.0,1.41144
1355,S,UV-2,275.0,1.7643
1356,S,UV-2,280.0,1.05858
1357,S,UV-2,285.0,1.41144
1358,S,UV-2,290.0,0.352859
1359,S,UV-2,295.0,0.705718
1360,S,UV-2,300.0,1.41144
1361,S,UV-2,305.0,1.05858
1362,S,UV-2,310.0,1.7643
1363,S,UV-2,315.0,1.41144
1364,S,UV-2,320.0,0.705718
1365,S,UV-2,325.0,1.41144
1366,S,UV-2,330.0,1.41144
1367,S,UV-2,335.0,0.705718
1368,S,UV-2,340.0,0.705718
1369,S,UV-2,345.0,1.7643
1370,S,UV-2,350.0,0.705718
1371,S,UV-2,355.0,1.41144
1372,S,UV-2,360.0,0.352859
1373,S,UV-2,365.0,1.41144
1374,S,UV-2,370.0,0.0
1375,S,UV-2,375.0,1.05858
1376,S,UV-2,380.0,1.41144
1377,S,UV-2,385.0,1.05858
1378,S,UV-2,390.0,0.705718
1379,S,UV-2,395.0,0.352859
1380,S,UV-2,400.0,0.352859
1381,S,UV-2,405.0,0.0
1382,S,UV-2,410.0,1.05858
1383,S,UV-2,415.0,0.705718
1384,S,UV-2,420.0,0.352859
1385,S,UV-2,425.0,0.352859
1386,S,UV-2,430.0,0.352859
1387,S,UV-2,435.0,0.352859
1388,S,UV-2,440.0,0.705718
1389,S,UV-2,445.0,0.352859
1390,S,UV-2,450.0,0.705718
1391,S,UV-2,455.0,0.0
1392,S,UV-2,460.0,0.352859
1393,S,UV-2,465.0,0.0
1394,S,UV-2,470.0,1.05858
1395,S,UV-2,475.0,0.352859
1396,S,UV-2,480.0,0.0
1397,S,UV-2,485.0,0.352859
1398,S,UV-2,490.0,0.0
1399,S,UV-2,495.0,0.352859
1400,S,UV-3,0.0,0.0
1401,S,UV-3,5.0,0.0
1402,S,UV-3,10.0,0.0
1403,S,UV-3,15.0,0.0
1404,S,UV-3,20.0,0.0
1405,S,UV-3,25.0,1.03473
1406,S,UV-3,30.0,5.17367
1407,S,UV-3,35.0,11.8994
1408,S,UV-3,40.0,9.82998
1409,S,UV-3,45.0,3.62157
1410,S,UV-3,50.0,1.5521
1411,S,UV-3,55.0,0.0
1412,S,UV-3,60.0,3.62157
1413,S,UV-3,65.0,2.58684
1414,S,UV-3,70.0,4.13894
1415,S,UV-3,75.0,3.62157
1416,S,UV-3,80.0,2.58684
1417,S,UV-3,85.0,1.5521
1418,S,UV-3,90.0,1.5521
1419,S,UV-3,95.0,2.58684
1420,S,UV-3,100.0,2.06947
1421,S,UV-3,105.0,2.58684
1422,S,UV-3,110.0,1.5521
1423,S,UV-3,115.0,1.5521
1424,S,UV-3,120.0,1.03473
1425,S,UV-3,125.0,1.5521
1426,S,UV-3,130.0,1.5521
1427,S,UV-3,135.0,1.03473
1428,S,UV-3,140.0,2.58684
1429,S,UV-3,145.0,2.06947
1430,S,UV-3,150.0,2.58684
1431,S,UV-3,155.0,1.5521
1432,S,UV-3,160.0,1.5521
1433,S,UV-3,165.0,2.06947
1434,S,UV-3,170.0,2.58684
1435,S,UV-3,175.0,2.58684
1436,S,UV-3,180.0,2.06947
1437,S,UV-3,185.0,1.03473
1438,S,UV-3,190.0,1.03473
1439,S,UV-3,195.0,2.58684
1440,S,UV-3,200.0,2.06947
1441,S,UV-3,205.0,3.62157
1442,S,UV-3,210.0,1.03473
1443,S,UV-3,215.0,1.03473
1444,S,UV-3,220.0,3.62157
1445,S,UV-3,225.0,2.06947
1446,S,UV-3,230.0,0.517367
1447,S,UV-3,235.0,0.0
1448,S,UV-3,240.0,3.62157
1449,S,UV-3,245.0,2.58684
1450,S,UV-3,250.0,2.06947
1451,S,UV-3,255.0,3.1042
1452,S,UV-3,260.0,2.58684
1453,S,UV-3,265.0,1.5521
1454,S,UV-3,270.0,2.58684
1455,S,UV-3,275.0,1.03473
1456,S,UV-3,280.0,0.517367
1457,S,UV-3,285.0,1.5521
1458,S,UV-3,290.0,3.1042
1459,S,UV-3,295.0,1.5521
1460,S,UV-3,300.0,1.03473
1461,S,UV-3,305.0,1.03473
1462,S,UV-3,310.0,1.03473
1463,S,UV-3,315.0,2.06947
1464,S,UV-3,320.0,2.06947
1465,S,UV-3,325.0,1.03473
1466,S,UV-3,330.0,1.5521
1467,S,UV-3,335.0,0.517367
1468,S,UV-3,340.0,2.58684
1469,S,UV-3,345.0,1.03473
1470,S,UV-3,350.0,2.06947
1471,S,UV-3,355.0,1.5521
1472,S,UV-3,360.0,1.5521
1473,S,UV-3,365.0,0.0
1474,S,UV-3,370.0,2.58684
1475,S,UV-3,375.0,1.03473
1476,S,UV-3,380.0,0.517367
1477,S,UV-3,385.0,0.517367
1478,S,UV-3,390.0,2.06947
1479,S,UV-3,395.0,2.06947
1480,S,UV-3,400.0,1.03473
1481,S,UV-3,405.0,1.03473
1482,S,UV-3,410.0,1.5521
1483,S,UV-3,415.0,1.03473
1484,S,UV-3,420.0,2.06947
1485,S,UV-3,425.0,1.03473
1486,S,UV-3,430.0,0.517367
1487,S,UV-3,435.0,0.0
1488,S,UV-3,440.0,0.517367
1489,S,UV-3,445.0,0.517367
1490,S,UV-3,450.0,0.0
1491,S,UV-3,455.0,0.517367
1492,S,UV-3,460.0,0.517367
1493,S,UV-3,465.0,0.0
1494,S,UV-3,470.0,0.0
1495,S,UV-3,475.0,0.517367
1496,S,UV-3,480.0,0.0
1497,S,UV-3,485.0,0.0
1498,S,UV-3,490.0,1.03473
1499,S,UV-3,495.0,0.0
1500,S,UV-4,0.0,0.507174
1501,S,UV-4,5.0,0.0
1502,S,UV-4,10.0,0.0
1503,S,UV-4,15.0,0.0
1504,S,UV-4,20.0,0.507174
1505,S,UV-4,25.0,1.52152
1506,S,UV-4,30.0,3.04304
1507,S,UV-4,35.0,5.57891
1508,S,UV-4,40.0,9.12913
1509,S,UV-4,45.0,5.57891
1510,S,UV-4,50.0,3.04304
1511,S,UV-4,55.0,1.01435
1512,S,UV-4,60.0,2.53587
1513,S,UV-4,65.0,2.0287
1514,S,UV-4,70.0,1.01435
1515,S,UV-4,75.0,1.52152
1516,S,UV-4,80.0,2.0287
1517,S,UV-4,85.0,3.55022
1518,S,UV-4,90.0,1.01435
1519,S,UV-4,95.0,4.56457
1520,S,UV-4,100.0,2.0287
1521,S,UV-4,105.0,3.04304
1522,S,UV-4,110.0,2.0287
1523,S,UV-4,115.0,0.507174
1524,S,UV-4,120.0,2.0287
1525,S,UV-4,125.0,1.01435
1526,S,UV-4,130.0,5.07174
1527,S,UV-4,135.0,1.52152
1528,S,UV-4,140.0,2.0287
1529,S,UV-4,145.0,2.0287
1530,S,UV-4,150.0,2.0287
1531,S,UV-4,155.0,1.01435
1532,S,UV-4,160.0,3.55022
1533,S,UV-4,165.0,2.53587
1534,S,UV-4,170.0,3.04304
1535,S,UV-4,175.0,2.0287
1536,S,UV-4,180.0,1.52152
1537,S,UV-4,185.0,1.52152
1538,S,UV-4,190.0,1.52152
1539,S,UV-4,195.0,2.0287
1540,S,UV-4,200.0,1.01435
1541,S,UV-4,205.0,0.507174
1542,S,UV-4,210.0,2.0287
1543,S,UV-4,215.0,2.53587
1544,S,UV-4,220.0,3.55022
1545,S,UV-4,225.0,0.507174
1546,S,UV-4,230.0,3.04304
1547,S,UV-4,235.0,1.01435
1548,S,UV-4,240.0,1.01435
1549,S,UV-4,245.0,3.55022
1550,S,UV-4,250.0,2.0287
1551,S,UV-4,255.0,0.507174
1552,S,UV-4,260.0,0.0
1553,S,UV-4,265.0,0.0
1554,S,UV-4,270.0,1.52152
1555,S,UV-4,275.0,2.0287
1556,S,UV-4,280.0,1.52152
1557,S,UV-4,285.0,2.53587
1558,S,UV-4,290.0,1.52152
1559,S,UV-4,295.0,1.01435
1560,S,UV-4,300.0,0.507174
1561,S,UV-4,305.0,2.0287
1562,S,UV-4,310.0,1.01435
1563,S,UV-4,315.0,3.04304
1564,S,UV-4,320.0,1.01435
1565,S,UV-4,325.0,1.52152
1566,S,UV-4,330.0,0.0
1567,S,UV-4,335.0,0.507174
1568,S,UV-4,340.0,0.507174
1569,S,UV-4,345.0,1.52152
1570,S,UV-4,350.0,0.507174
1571,S,UV-4,355.0,1.52152
1572,S,UV-4,360.0,1.52152
1573,S,UV-4,365.0,1.01435
1574,S,UV-4,370.0,0.507174
1575,S,UV-4,375.0,1.01435
1576,S,UV-4,380.0,0.507174
1577,S,UV-4,385.0,1.01435
1578,S,UV-4,390.0,0.507174
1579,S,UV-4,395.0,0.507174
1580,S,UV-4,400.0,1.52152
1581,S,UV-4,405.0,1.52152
1582,S,UV-4,410.0,1.52152
1583,S,UV-4,415.0,0.507174
1584,S,UV-4,420.0,1.01435
1585,S,UV-4,425.0,1.01435
1586,S,UV-4,430.0,0.0
1587,S,UV-4,435.0,0.507174
1588,S,UV-4,440.0,1.52152
1589,S,UV-4,445.0,2.0287
1590,S,UV-4,450.0,1.01435
1591,S,UV-4,455.0,0.507174
1592,S,UV-4,460.0,0.507174
1593,S,UV-4,465.0,0.507174
1594,S,UV-4,470.0,0.507174
1595,S,UV-4,475.0,2.0287
1596,S,UV-4,480.0,0.507174
1597,S,UV-4,485.0,0.0
1598,S,UV-4,490.0,0.507174
1599,S,UV-4,495.0,0.0
1600,S,UV-5,0.0,0.0
1601,S,UV-5,5.0,0.0
1602,S,UV-5,10.0,0.0
1603,S,UV-5,15.0,0.332177
1604,S,UV-5,20.0,0.664354
1605,S,UV-5,25.0,4.3183
1606,S,UV-5,30.0,5.31483
1607,S,UV-5,35.0,7.97225
1608,S,UV-5,40.0,3.98612
1609,S,UV-5,45.0,4.98265
1610,S,UV-5,50.0,2.98959
1611,S,UV-5,55.0,1.32871
1612,S,UV-5,60.0,3.65395
1613,S,UV-5,65.0,4.3183
1614,S,UV-5,70.0,2.98959
1615,S,UV-5,75.0,1.66088
1616,S,UV-5,80.0,1.32871
1617,S,UV-5,85.0,1.66088
1618,S,UV-5,90.0,3.65395
1619,S,UV-5,95.0,1.99306
1620,S,UV-5,100.0,1.66088
1621,S,UV-5,105.0,1.99306
1622,S,UV-5,110.0,2.65742
1623,S,UV-5,115.0,1.99306
1624,S,UV-5,120.0,1.99306
1625,S,UV-5,125.0,1.66088
1626,S,UV-5,130.0,3.32177
1627,S,UV-5,135.0,2.32524
1628,S,UV-5,140.0,2.65742
1629,S,UV-5,145.0,2.32524
1630,S,UV-5,150.0,0.332177
1631,S,UV-5,155.0,1.66088
1632,S,UV-5,160.0,2.32524
1633,S,UV-5,165.0,2.32524
1634,S,UV-5,170.0,3.98612
1635,S,UV-5,175.0,2.32524
1636,S,UV-5,180.0,1.32871
1637,S,UV-5,185.0,1.66088
1638,S,UV-5,190.0,2.32524
1639,S,UV-5,195.0,2.98959
1640,S,UV-5,200.0,1.32871
1641,S,UV-5,205.0,2.98959
1642,S,UV-5,210.0,2.32524
1643,S,UV-5,215.0,1.66088
1644,S,UV-5,220.0,1.66088
1645,S,UV-5,225.0,1.66088
1646,S,UV-5,230.0,1.99306
1647,S,UV-5,235.0,1.66088
1648,S,UV-5,240.0,0.996531
1649,S,UV-5,245.0,1.32871
1650,S,UV-5,250.0,1.66088
1651,S,UV-5,255.0,2.65742
1652,S,UV-5,260.0,2.65742
1653,S,UV-5,265.0,2.32524
1654,S,UV-5,270.0,1.32871
1655,S,UV-5,275.0,0.664354
1656,S,UV-5,280.0,2.65742
1657,S,UV-5,285.0,1.32871
1658,S,UV-5,290.0,2.98959
1659,S,UV-5,295.0,1.66088
1660,S,UV-5,300.0,0.664354
1661,S,UV-5,305.0,1.99306
1662,S,UV-5,310.0,0.664354
1663,S,UV-5,315.0,1.66088
1664,S,UV-5,320.0,1.99306
1665,S,UV-5,325.0,1.66088
1666,S,UV-5,330.0,1.99306
1667,S,UV-5,335.0,1.32871
1668,S,UV-5,340.0,1.32871
1669,S,UV-5,345.0,1.32871
1670,S,UV-5,350.0,1.66088
1671,S,UV-5,355.0,0.996531
1672,S,UV-5,360.0,0.664354
1673,S,UV-5,365.0,0.996531
1674,S,UV-5,370.0,1.66088
1675,S,UV-5,375.0,0.332177
1676,S,UV-5,380.0,0.664354
1677,S,UV-5,385.0,2.32524
1678,S,UV-5,390.0,0.664354
1679,S,UV-5,395.0,0.332177
1680,S,UV-5,400.0,1.66088
1681,S,UV-5,405.0,0.332177
1682,S,UV-5,410.0,0.664354
1683,S,UV-5,415.0,0.996531
1684,S,UV-5,420.0,0.664354
1685,S,UV-5,425.0,0.664354
1686,S,UV-5,430.0,1.66088
1687,S,UV-5,435.0,1.66088
1688,S,UV-5,440.0,0.664354
1689,S,UV-5,445.0,1.32871
1690,S,UV-5,450.0,0.664354
1691,S,UV-5,455.0,0.332177
1692,S,UV-5,460.0,0.996531
1693,S,UV-5,465.0,0.332177
1694,S,UV-5,470.0,0.996531
1695,S,UV-5,475.0,0.332177
1696,S,UV-5,480.0,0.664354
1697,S,UV-5,485.0,0.0
1698,S,UV-5,490.0,0.332177
1699,S,UV-5,495.0,1.32871
1700,S,UV-6,0.0,0.0
1701,S,UV-6,5.0,0.0
1702,S,UV-6,10.0,0.0
1703,S,UV-6,15.0,0.0
1704,S,UV-6,20.0,0.515338
1705,S,UV-6,25.0,1.03068
1706,S,UV-6,30.0,4.1227
1707,S,UV-6,35.0,10.3067
1708,S,UV-6,40.0,7.21473
1709,S,UV-6,45.0,4.63804
1710,S,UV-6,50.0,1.54601
1711,S,UV-6,55.0,3.60736
1712,S,UV-6,60.0,2.06135
1713,S,UV-6,65.0,2.06135
1714,S,UV-6,70.0,1.54601
1715,S,UV-6,75.0,2.57669
1716,S,UV-6,80.0,2.57669
1717,S,UV-6,85.0,1.03068
1718,S,UV-6,90.0,0.0
1719,S,UV-6,95.0,2.57669
1720,S,UV-6,100.0,1.54601
1721,S,UV-6,105.0,1.54601
1722,S,UV-6,110.0,3.60736
1723,S,UV-6,115.0,1.03068
1724,S,UV-6,120.0,2.57669
1725,S,UV-6,125.0,0.515338
1726,S,UV-6,130.0,3.60736
1727,S,UV-6,135.0,1.03068
1728,S,UV-6,140.0,3.09203
1729,S,UV-6,145.0,2.06135
1730,S,UV-6,150.0,1.54601
1731,S,UV-6,155.0,1.54601
1732,S,UV-6,160.0,1.03068
1733,S,UV-6,165.0,2.57669
1734,S,UV-6,170.0,1.54601
1735,S,UV-6,175.0,3.09203
1736,S,UV-6,180.0,0.515338
1737,S,UV-6,185.0,3.09203
1738,S,UV-6,190.0,2.06135
1739,S,UV-6,195.0,3.09203
1740,S,UV-6,200.0,2.57669
1741,S,UV-6,205.0,1.03068
1742,S,UV-6,210.0,1.03068
1743,S,UV-6,215.0,3.60736
1744,S,UV-6,220.0,3.60736
1745,S,UV-6,225.0,2.06135
1746,S,UV-6,230.0,1.03068
1747,S,UV-6,235.0,1.54601
1748,S,UV-6,240.0,1.03068
1749,S,UV-6,245.0,2.06135
1750,S,UV-6,250.0,2.06135
1751,S,UV-6,255.0,3.60736
1752,S,UV-6,260.0,1.03068
1753,S,UV-6,265.0,1.03068
1754,S,UV-6,270.0,1.54601
1755,S,UV-6,275.0,1.54601
1756,S,UV-6,280.0,3.09203
1757,S,UV-6,285.0,1.03068
1758,S,UV-6,290.0,1.54601
1759,S,UV-6,295.0,1.03068
1760,S,UV-6,300.0,1.03068
1761,S,UV-6,305.0,2.57669
1762,S,UV-6,310.0,1.03068
1763,S,UV-6,315.0,2.06135
1764,S,UV-6,320.0,2.06135
1765,S,UV-6,325.0,1.54601
1766,S,UV-6,330.0,1.54601
1767,S,UV-6,335.0,2.06135
1768,S,UV-6,340.0,1.54601
1769,S,UV-6,345.0,2.06135
1770,S,UV-6,350.0,3.09203
1771,S,UV-6,355.0,1.54601
1772,S,UV-6,360.0,2.06135
1773,S,UV-6,365.0,1.54601
1774,S,UV-6,370.0,2.06135
1775,S,UV-6,375.0,2.06135
1776,S,UV-6,380.0,1.54601
1777,S,UV-6,385.0,1.54601
1778,S,UV-6,390.0,2.06135
1779,S,UV-6,395.0,2.57669
1780,S,UV-6,400.0,1.54601
1781,S,UV-6,405.0,2.06135
1782,S,UV-6,410.0,1.03068
1783,S,UV-6,415.0,2.57669
1784,S,UV-6,420.0,1.54601
1785,S,UV-6,425.0,1.03068
1786,S,UV-6,430.0,0.515338
1787,S,UV-6,435.0,0.515338
1788,S,UV-6,440.0,1.03068
1789,S,UV-6,445.0,2.57669
1790,S,UV-6,450.0,2.57669
1791,S,UV-6,455.0,0.515338
1792,S,UV-6,460.0,1.03068
1793,S,UV-6,465.0,1.54601
1794,S,UV-6,470.0,2.06135
1795,S,UV-6,475.0,2.06135
1796,S,UV-6,480.0,2.06135
1797,S,UV-6,485.0,1.54601
1798,S,UV-6,490.0,3.60736
1799,S,UV-6,495.0,0.0
